index,mean,variance
1998,0.00013418948051641336,1.2160337003895036e-06
